W1,POS1,RELATION,W2,POS2,PRIORITY
便宜,a,Antonym,贵,a,0
洗手台,n,AtLocation,厕所,n,
垃圾桶,n,AtLocation,厕所,n,
广告,n,AtLocation,电视,n,
商品,n,AtLocation,广告,n,
海伦仙度丝,n,AtLocation,广告,n,
美女,n,AtLocation,广告,n,
广告,n,AtLocation,站牌,n,
广告,n,AtLocation,电视上,a,
公司行号,n,AtLocation,广告,n,
小丸子,n,AtLocation,广告,n,
电脑,n,AtLocation,家里,a,
电脑,n,AtLocation,房间,n,
九层塔,n,AtLocation,外面,a,
太阳,n,AtLocation,外面,a,
阳台,n,AtLocation,外面,a,
老板,n,AtLocation,公司,n,
员工,n,AtLocation,公司,n,
电脑,n,AtLocation,公司,n,
人,n,AtLocation,公司,n,
文件,n,AtLocation,公司,n,
经理,n,AtLocation,公司,n,
同事,n,AtLocation,公司,n,
上司,n,AtLocation,公司,n,
资料夹,n,AtLocation,公司,n,
办公桌,n,AtLocation,公司,n,
老师,n,AtLocation,学校,n,
学生,n,AtLocation,学校,n,
校长,n,AtLocation,学校,n,
同学,n,AtLocation,学校,n,
教室,n,AtLocation,学校,n,
人,n,AtLocation,家,n,
妈妈,n,AtLocation,家,n,
爸爸,n,AtLocation,家,n,
电视,n,AtLocation,家,n,
电脑,n,AtLocation,家,n,
冰箱,n,AtLocation,家,n,
狗,n,AtLocation,家,n,
,,AtLocation,家,n,
家人,n,AtLocation,家,n,
猫,n,AtLocation,家,n,
椅子,n,AtLocation,家,n,
电视,n,AtLocation,家里,a,
电视,n,AtLocation,客厅,n,
电视,n,AtLocation,房间,n,
电视,n,AtLocation,家,n,
爸爸,n,AtLocation,家里,a,
爸爸,n,AtLocation,家,n,
小夜灯,n,AtLocation,灯丝,n,
遥控器,n,AtLocation,客厅,n,
遥控器,n,AtLocation,家里,a,
产品,n,AtLocation,公司,n,
价格,n,AtLocation,招牌,v,
故事,n,AtLocation,BL版,n,
阿拉丁神灯,n,AtLocation,故事,n,
良心,a,AtLocation,故事,n,
怪物,n,AtLocation,故事,n,
内容,n,AtLocation,书,n,
妈妈,n,AtLocation,家,n,
食物,n,AtLocation,冰箱,n,
冰箱,n,AtLocation,家里,a,
饮料,n,AtLocation,冰箱,n,
水果,n,AtLocation,冰箱,n,
冰箱,n,AtLocation,厨房,n,
冰块,n,AtLocation,冰箱,n,
冰箱,n,AtLocation,家,n,
家电,v,AtLocation,百货公司,n,
家电,v,AtLocation,商展,v,
人,n,AtLocation,公寓,n,
电视,n,AtLocation,公寓,n,
针头,n,AtLocation,公寓,n,
围墙,n,AtLocation,公寓,n,
毒贩,n,AtLocation,公寓,n,
音响,n,AtLocation,公寓,n,
房间,n,AtLocation,公寓,n,
爱情,n,AtLocation,公寓,n,
硬,a,AtLocation,坚固,a,
灯,n,AtLocation,房间,n,
小鸡,n,AtLocation,灯,n,
灯,n,AtLocation,旅馆,n,
玩具,n,AtLocation,桌子,n,
专业的,a,AtLocation,五楼,v,
作业,n,AtLocation,电脑,n,
作业,n,AtLocation,学校,n,
名牌,n,AtLocation,新光,n,
包包,v,AtLocation,网购,n,
鞋子,n,AtLocation,网购,n,
衣服,n,AtLocation,网购,n,
手机,n,AtLocation,网购,n,
电视,n,AtLocation,网购,n,
综艺节目,n,AtLocation,胡瓜,n,
快乐,a,AtLocation,综艺节目,n,
综艺节目,n,AtLocation,电视,n,
综艺节目,n,AtLocation,电视里,a,
钱,n,AtLocation,银行,n,
警卫,n,AtLocation,银行,n,
现金,n,AtLocation,银行,n,
资产,n,AtLocation,银行,n,
存款单,n,AtLocation,银行,n,
钞票,n,AtLocation,银行,n,
提款单,n,AtLocation,银行,n,
支票,n,AtLocation,银行,n,
地铁,n,AtLocation,东京,n,
地铁,n,AtLocation,纽约,n,
地铁,n,AtLocation,巴黎,n,
设备,v,AtLocation,办公室,n,
宝宝,n,AtLocation,婴儿车,n,
课本,n,AtLocation,教室,n,
课本,n,AtLocation,学校,n,
课本,n,AtLocation,书包,n,
知识,v,AtLocation,课本,n,
课本,n,AtLocation,书局,n,
课本,n,AtLocation,书柜,n,
课本,n,AtLocation,抽屉,n,
大叔,n,AtLocation,亲戚,n,
朋友,n,AtLocation,学校,n,
朋友,n,AtLocation,网路,n,
感动,v,AtLocation,电视剧,n,
大帅哥,n,AtLocation,电视剧,n,
网站,n,AtLocation,电脑,n,
网站,n,AtLocation,互联网,n,
论文,n,AtLocation,网站,n,
绘本,n,AtLocation,书店,n,
人,n,CapableOf,睡,v,
小狗,n,CapableOf,叫,v,
手机,n,CapableOf,打电话,n,
兔子,n,CapableOf,睡觉,v,
广告,n,CapableOf,宣传,v,
广告,n,CapableOf,造假,v,
电脑,n,CapableOf,上网,v,
电脑,n,CapableOf,当机,v,
电脑,n,CapableOf,玩游戏,n,
电脑,n,CapableOf,中毒,n,
电脑,n,CapableOf,计算,v,
电脑,n,CapableOf,打字,v,
晚上,n,CapableOf,睡觉,v,
晚上,n,CapableOf,吃饭,v,
晚上,n,CapableOf,看星星,v,
晚上,n,CapableOf,看电视,v,
猫,n,CapableOf,睡觉,v,
人,n,CapableOf,睡觉,v,
人,n,CapableOf,吃饭,v,
爸爸,n,CapableOf,开车,v,
司机,n,CapableOf,开车,v,
人,n,CapableOf,开车,v,
手表,n,CapableOf,显示时间,v,
手表,n,CapableOf,动,v,
手表,n,CapableOf,坏掉,v,
手表,n,CapableOf,报时,n,
手表,n,CapableOf,计时,n,
手表,n,CapableOf,没电,v,
手表,n,CapableOf,发光,v,
手表,n,CapableOf,转,v,
手表,n,CapableOf,不准,v,
手表,n,CapableOf,告诉你时间,v,
手机,n,CapableOf,打电话,n,
电视,n,CapableOf,坏掉,v,
电视,n,CapableOf,爆炸,v,
电视,n,CapableOf,有声音,v,
电视,n,CapableOf,播新闻,v,
爸爸,n,CapableOf,赚钱,v,
爸爸,n,CapableOf,吃饭,v,
爸爸,n,CapableOf,工作,v,
手机,n,CapableOf,设闹钟,v,
手机,n,CapableOf,放音乐,v,
电脑,n,CapableOf,放音乐,v,
音响,n,CapableOf,放音乐,v,
手机,n,CapableOf,响,n,
手机,n,CapableOf,震动,v,
手机,n,CapableOf,上网,v,
手机,n,CapableOf,传简讯,n,
手机,n,CapableOf,坏掉,v,
手机,n,CapableOf,打电话,n,
手机,n,CapableOf,叫,v,
手机,n,CapableOf,没电,v,
手机,n,CapableOf,拍照,v,
手机,n,CapableOf,照相,v,
手机,n,CapableOf,玩游戏,n,
手环,n,CapableOf,变漂亮,v,
手环,n,CapableOf,买卖,v,
手环,n,CapableOf,带脚上,v,
手环,n,CapableOf,代手上,v,
手环,n,CapableOf,串珠珠,n,
手机,n,CapableOf,导航,v,
人,n,CapableOf,唱歌,n,
老师,n,CapableOf,讲故事,n,
人,n,CapableOf,看电视,v,
耳机,n,CapableOf,发出声音,n,
父母,n,CapableOf,赚钱,v,
父母,n,CapableOf,生小孩,n,
父母,n,CapableOf,照顾小孩,v,
父母,n,CapableOf,上班,v,
人,n,CapableOf,玩乐,n,
学生,n,CapableOf,玩乐,n,
小孩,n,CapableOf,玩乐,n,
猫,n,CapableOf,玩乐,n,
妈妈,n,CapableOf,煮饭,v,
妈妈,n,CapableOf,打扫,v,
妈妈,n,CapableOf,洗衣服,n,
妈妈,n,CapableOf,做家事,v,
人,n,CapableOf,工作,v,
妈妈,n,CapableOf,工作,v,
空调,n,CapableOf,调节温度,v,
空调,n,CapableOf,暖气,n,
空调,n,CapableOf,送风,v,
妈妈,n,CapableOf,做饭,v,
家长,n,CapableOf,做饭,v,
音响,n,CapableOf,发出声音,n,
音响,n,CapableOf,有音乐,v,
音响,n,CapableOf,有声音,v,
音响,n,CapableOf,放音乐,v,
学生,n,CapableOf,写作业,v,
人,n,CapableOf,写作业,v,
电脑,n,CapableOf,写作业,v,
人,n,CapableOf,合作,v,
员工,n,CapableOf,打卡,v,
充电器,n,CapableOf,充电,v,
手机,n,CapableOf,充电,v,
机器人,n,CapableOf,充电,v,
学生,n,CapableOf,学习,v,
人,n,CapableOf,学习,v,
出公差,n,CapableOf,忙,v,
吹风机,n,CapableOf,吹热风,v,
吹风机,n,CapableOf,吹冷风,n,
吹风机,n,CapableOf,很便宜,a,
吹风机,n,CapableOf,需要插电,v,
冰,n,CapableOf,硬,a,
男人,n,CapableOf,硬,a,
灯,n,CapableOf,亮,v,
灯,n,CapableOf,坏,a,
灯,n,CapableOf,坏掉,v,
小胖,n,CapableOf,减肥,v,
小胖,n,CapableOf,跑步,n,
小胖,n,CapableOf,跳舞,v,
小胖,n,CapableOf,爱吃,v,
员工,n,CapableOf,出差,v,
妈妈,n,CapableOf,照顾孩子,v,
父母,n,CapableOf,照顾孩子,v,
家长,n,CapableOf,照顾孩子,v,
仆人,n,CapableOf,服务,v,
客服,n,CapableOf,服务,v,
马区长,n,CapableOf,服务,v,
手机,n,CapableOf,接电话,n,
工读,v,CapableOf,接电话,n,
秘书,n,CapableOf,接电话,n,
接电话,n,CapableOf,聊天,n,
接电话,n,CapableOf,回答问卷,v,
银行,n,CapableOf,存钱,v,
机器人,n,CapableOf,打扫,v,
机器人,n,CapableOf,煮饭,v,
机器人,n,CapableOf,扫地,n,
机器人,n,CapableOf,动,v,
机器人,n,CapableOf,看家,v,
机器人,n,CapableOf,很多,n,
机器人,n,CapableOf,当工具人,v,
机器人,n,CapableOf,做家事,v,
机器人,n,CapableOf,杀人,n,
机器人,n,CapableOf,计算,v,
机器人,n,CapableOf,洗衣,n,
机器人,n,CapableOf,说话,v,
机器人,n,CapableOf,移动,v,
闹钟,n,CapableOf,要电池,v,
雨衣,n,CapableOf,防水,v,
狗,n,CapableOf,散步,n,
小狗,n,CapableOf,散步,n,
猫,n,CapableOf,散步,n,
老人,n,CapableOf,散步,n,
狗狗,n,CapableOf,散步,n,
宠物,n,CapableOf,散步,n,
狗狗,n,CapableOf,看家,v,
狗狗,n,CapableOf,睡觉,v,
狗狗,n,CapableOf,叫,v,
狗狗,n,CapableOf,吃饭,v,
狗狗,n,CapableOf,看门,v,
狗狗,n,CapableOf,汪汪叫,n,
狗狗,n,CapableOf,撒娇,v,
狗狗,n,CapableOf,大便,v,
狗狗,n,CapableOf,吃东西,v,
狗狗,n,CapableOf,尿尿,n,
狗狗,n,CapableOf,咬人,v,
狗狗,n,CapableOf,吃饲料,v,
亲戚,n,CapableOf,打招呼,v,
亲戚,n,CapableOf,吵,v,
亲戚,n,CapableOf,寒暄问暖,v,
亲戚,n,CapableOf,烦,v,
朋友,n,CapableOf,聊天,n,
朋友,n,CapableOf,逛街,v,
朋友,n,CapableOf,吃饭,v,
朋友,n,CapableOf,安慰你,v,
大便时,a,CapableOf,玩手机,v,
上厕所时,a,CapableOf,玩手机,v,
闹钟,n,CapableOf,提醒,v,
妈妈,n,CapableOf,教育孩子,v,
爸爸,n,CapableOf,教育孩子,v,
老师,n,CapableOf,哄小孩,v,
妈妈,n,CapableOf,哄小孩,v,
电脑,n,CapableOf,听音乐,v,
监视,v,CapableOf,跟拍,v,
监视,v,CapableOf,跟监,v,
监视,v,CapableOf,收集资讯,v,
监视,v,CapableOf,窃听,v,
去牛排店,v,CapableOf,点餐,v,
分手,v,Causes,难过,v,
看电影,v,Causes,开心,v,
淋雨,n,Causes,感冒,v,
运动,v,Causes,喝水,v,
运动,v,Causes,受伤,v,
钱,n,Causes,快乐,a,
健康,a,Causes,快乐,a,
广告,n,Causes,商机,n,
广告,n,Causes,有产品,v,
女人,n,Causes,孩子,n,
怀孕,v,Causes,孩子,n,
做爱,v,Causes,孩子,n,
太冲动,v,Causes,孩子,n,
睡觉,v,Causes,休息,v,
累,a,Causes,休息,v,
累了,v,Causes,休息,v,
生病,n,Causes,休息,v,
与朋友要联络,v,Causes,买手机,n,
想聊天,v,Causes,买手机,n,
上学,n,Causes,通勤,v,
晚上,n,Causes,睡觉,v,
晚上,n,Causes,想睡觉,v,
睡觉,v,Causes,有精神,v,
睡觉,v,Causes,作梦,n,
睡觉,v,Causes,打呼,v,
上补习班,v,Causes,考试,v,
肚子饿,n,Causes,吃饭,v,
吃饭,v,Causes,开心,v,
吃饭,v,Causes,快乐,a,
吃饭,v,Causes,饱,a,
吃饭,v,Causes,满足,v,
工作,v,Causes,加班,v,
加班,v,Causes,疲累,a,
加班,v,Causes,生气,n,
加班,v,Causes,很累,v,
到家,v,Causes,上床,v,
出去玩,n,Causes,开心,v,
出去玩,n,Causes,快乐,a,
无聊,a,Causes,出去玩,n,
出去玩,n,Causes,兴奋,v,
开心,v,Causes,出去玩,n,
节日,n,Causes,开心,v,
节日,n,Causes,花钱,n,
节日,n,Causes,快乐,a,
开车,v,Causes,车祸,n,
想念,v,Causes,打电话,n,
想你,v,Causes,打电话,n,
电视,n,Causes,近视,v,
小夜灯,n,Causes,光源,n,
唱歌,n,Causes,快乐,a,
唱歌,n,Causes,开心,v,
开心,v,Causes,唱歌,n,
快乐,a,Causes,唱歌,n,
聊天,n,Causes,互动,v,
人,n,Causes,互动,v,
游戏,n,Causes,互动,v,
讲故事,n,Causes,睡著,v,
话当年,v,Causes,讲故事,n,
去育幼院帮忙,v,Causes,讲故事,n,
晚上,n,Causes,讲故事,n,
兴致来,v,Causes,讲故事,n,
有小孩,v,Causes,讲故事,n,
睡前,v,Causes,讲故事,n,
哄小孩睡觉,v,Causes,讲故事,n,
鬼月,n,Causes,讲故事,n,
看电视,v,Causes,开心,v,
无聊,a,Causes,看电视,v,
看电视,v,Causes,快乐,a,
看电视,v,Causes,近视,v,
看电视,v,Causes,大笑,v,
看电视,v,Causes,高兴,n,
信用卡,n,Causes,优惠,v,
杀价,v,Causes,优惠,v,
优惠,v,Causes,想去别家餐厅,v,
早起,v,Causes,健康,a,
早起,v,Causes,上学不迟到,v,
早起,v,Causes,身体好,a,
早起,v,Causes,好心情,n,
早起,v,Causes,很累,v,
计时中,a,Causes,看手表,v,
赶时间,v,Causes,看手表,v,
想知道几点,n,Causes,看手表,v,
不知道时间,v,Causes,看手表,v,
想回家,v,Causes,看手表,v,
玩乐,n,Causes,开心,v,
玩乐,n,Causes,快乐,a,
玩乐,n,Causes,高兴,n,
玩乐,n,Causes,疲劳,a,
开心,v,Causes,玩乐,n,
新台币,n,Causes,产品,n,
故事,n,Causes,想睡,v,
故事,n,Causes,感想,v,
自杀,v,Causes,问题,n,
金钱,n,Causes,问题,n,
结婚,v,Causes,问题,n,
车票,n,Causes,问题,n,
问题,n,Causes,麻烦,a,
工作,v,Causes,疲劳,a,
工作,v,Causes,财富,n,
工作,v,Causes,金钱,n,
工作,v,Causes,钱,n,
工作,v,Causes,钱财,n,
工作,v,Causes,赚钱,v,
工作,v,Causes,有钱,v,
工作,v,Causes,累,a,
工作,v,Causes,快乐,a,
年龄,n,Causes,倒阳,v,
家电,v,Causes,方便,a,
小米,n,Causes,大米,n,
小米,n,Causes,淀粉,n,
生意,v,Causes,收益,n,
和朋友一起,v,Causes,开心,v,
和朋友一起,v,Causes,快乐,a,
写作业,v,Causes,想睡,v,
上学,n,Causes,写作业,v,
写作业,v,Causes,想睡觉,v,
友情,n,Causes,合作,v,
回家,n,Causes,洗澡,v,
回家,n,Causes,睡觉,v,
回家,n,Causes,看电视,v,
在上班,v,Causes,打卡,v,
发呆,v,Causes,充电,v,
学习,v,Causes,聪明,a,
学习,v,Causes,知识,v,
学习,v,Causes,财富,n,
读书,n,Causes,学习,v,
学习,v,Causes,智慧,n,
忙,v,Causes,累,a,
忙,v,Causes,烦,v,
忙,v,Causes,遗忘,v,
忙,v,Causes,喝水,v,
忙,v,Causes,忘记吃饭,v,
声音,n,Causes,噪音,n,
声音,n,Causes,音乐,n,
声音,n,Causes,共鸣,v,
声音,n,Causes,唱歌,n,
声音,n,Causes,烦躁,a,
声音,n,Causes,崩溃,v,
声音,n,Causes,罚单,n,
声音,n,Causes,讨厌,v,
车子,n,Causes,方便,a,
电脑,n,Causes,方便,a,
机车,n,Causes,方便,a,
高铁,n,Causes,方便,a,
骑车,n,Causes,方便,a,
卫生纸,n,Causes,方便,a,
手机,n,Causes,方便,a,
方便,a,Causes,坐捷运,v,
金钱,n,Causes,消费,v,
养宠物,v,Causes,消费,v,
买乐透,v,Causes,消费,v,
逛街,v,Causes,消费,v,
硬,a,Causes,软,a,
西斯,n,Causes,硬,a,
美女,n,Causes,硬,a,
近视,v,Causes,不方便,a,
下雨,v,Causes,不方便,a,
手机坏了,v,Causes,不方便,a,
长短脚,n,Causes,不方便,a,
手痛,n,Causes,不方便,a,
月经,n,Causes,不方便,a,
吃素,n,Causes,不方便,a,
大雨,n,Causes,不方便,a,
生病,n,Causes,不方便,a,
不方便,a,Causes,失约,v,
便宜,a,Causes,效能不好,v,
木马,n,Causes,当机,v,
木马,n,Causes,资料外洩,v,
木马,n,Causes,防毒警示,v,
作业,n,Causes,头痛,n,
老师,n,Causes,作业,n,
作业,n,Causes,烦恼,a,
作业,n,Causes,写字,n,
养宠物,v,Causes,麻烦,a,
杀人,n,Causes,麻烦,a,
,,Causes,麻烦,a,
打架,v,Causes,麻烦,a,
财富,n,Causes,麻烦,a,
作弊,n,Causes,麻烦,a,
生病,n,Causes,麻烦,a,
赌博,v,Causes,麻烦,a,
工作,v,Causes,麻烦,a,
女人,n,Causes,麻烦,a,
偷窃,v,Causes,麻烦,a,
乱说话,n,Causes,麻烦,a,
恋爱,v,Causes,麻烦,a,
马子,n,Causes,麻烦,a,
在上班,v,Causes,出差,v,
买车,n,Causes,开车,v,
中乐透,n,Causes,买车,n,
不祥的,a,Causes,麻烦事,n,
官员,n,Causes,服务,v,
高兴,n,Causes,服务,v,
铃响,n,Causes,接电话,n,
电话响,n,Causes,接电话,n,
钱,n,Causes,名牌,n,
钱财,n,Causes,名牌,n,
名牌,n,Causes,招迷,v,
名牌,n,Causes,疯狂,a,
网购,n,Causes,付钱,v,
上网,v,Causes,网购,n,
网购,n,Causes,上网,v,
综艺节目,n,Causes,大笑,v,
综艺节目,n,Causes,开心,v,
综艺节目,n,Causes,大校,n,
综艺节目,n,Causes,搞笑,v,
综艺节目,n,Causes,哈哈大笑,n,
游戏,n,Causes,活泼,a,
游戏,n,Causes,放松,v,
游戏,n,Causes,开心,v,
看书,v,Causes,充实自己,v,
充实自己,v,Causes,念书,n,
散步,n,Causes,快乐,a,
吃饭,v,Causes,散步,n,
运动,v,Causes,健康,a,
运动,v,Causes,流汗,n,
运动,v,Causes,肚子饿,n,
运动,v,Causes,快乐,a,
运动,v,Causes,变瘦,v,
运动,v,Causes,累,a,
运动,v,Causes,口渴,n,
运动,v,Causes,强壮,a,
运动,v,Causes,减肥,v,
亲戚,n,Causes,打麻将,n,
亲戚,n,Causes,幸福,a,
朋友,n,Causes,快乐,a,
朋友,n,Causes,开心,v,
朋友,n,Causes,幸福,a,
工作,v,Causes,朋友,n,
玩手机,v,Causes,开心,v,
玩手机,v,Causes,快乐,a,
烦,v,Causes,玩手机,v,
闷,v,Causes,玩手机,v,
网站,n,Causes,增长知识,v,
挖矿,n,Causes,金钱,n,
问问题,n,Causes,回答问题,v,
问问题,n,Causes,变聪明,v,
问问题,n,Causes,答案,n,
问问题,n,Causes,被无视,v,
问问题,n,Causes,有答案,v,
听音乐,v,Causes,快乐,a,
听音乐,v,Causes,开心,v,
听音乐,v,Causes,放松,v,
听歌,v,Causes,快乐,a,
听歌,v,Causes,开心,v,
无聊,a,Causes,听歌,v,
听歌,v,Causes,想唱歌,v,
听歌,v,Causes,唱歌,n,
听歌,v,Causes,跟著唱,v,
漂亮衣服,n,CausesDesire,买,v,
手机,n,CausesDesire,买,v,
生病,n,CausesDesire,休息,v,
通勤,v,CausesDesire,累,a,
晚上,n,CausesDesire,睡觉,v,
上课,v,CausesDesire,睡觉,v,
无聊,a,CausesDesire,睡觉,v,
上夜班,v,CausesDesire,睡觉,v,
周末,n,CausesDesire,看电视,v,
肚子饿,n,CausesDesire,吃饭,v,
加班,v,CausesDesire,睡觉,v,
无聊,a,CausesDesire,出去玩,n,
放假,v,CausesDesire,出去玩,n,
心情好,a,CausesDesire,出去玩,n,
天气好,a,CausesDesire,出去玩,n,
过年,n,CausesDesire,回老家,n,
节日,n,CausesDesire,吃饭,v,
节日,n,CausesDesire,吃火锅,n,
无聊,a,CausesDesire,打电话,n,
开心,v,CausesDesire,唱歌,n,
心情好,a,CausesDesire,唱歌,n,
快乐,a,CausesDesire,唱歌,n,
无聊,a,CausesDesire,看电视,v,
看电视,v,CausesDesire,睡觉,v,
早起,v,CausesDesire,睡觉,v,
故事,n,CausesDesire,大笑,v,
和朋友一起,v,CausesDesire,打棒球,v,
写作业,v,CausesDesire,睡觉,v,
下雨,v,CausesDesire,回家,n,
天黑,n,CausesDesire,回家,n,
看影片,v,CausesDesire,声音,n,
吹风机,n,CausesDesire,吹头发,n,
吹风机,n,CausesDesire,洗头,v,
吹风机,n,CausesDesire,取暖,v,
吹风机,n,CausesDesire,洗头发,n,
吹风机,n,CausesDesire,吹风,v,
小胖,n,CausesDesire,减肥,v,
中乐透,n,CausesDesire,买车,n,
看到老太太,v,CausesDesire,服务,v,
电话响,n,CausesDesire,接电话,n,
上网,v,CausesDesire,网购,n,
无聊,a,CausesDesire,散步,n,
吃饱饭,v,CausesDesire,散步,n,
买到假货,v,CausesDesire,生气,n,
电脑,n,CausesDesire,使用,v,
坐捷运,v,CausesDesire,玩手机,v,
新手,n,CausesDesire,提醒,v,
上课,v,CausesDesire,问问题,n,
听音乐,v,CausesDesire,睡觉,v,
无聊,a,CausesDesire,听音乐,v,
听音乐,v,CausesDesire,跳舞,v,
听歌,v,CausesDesire,唱歌,n,
无聊,a,CausesDesire,听歌,v,
音色,n,DerivedFrom,音,n,
音箱,n,DerivedFrom,音,n,
老板,n,Desires,广告,n,
乡民,n,Desires,看资讯,v,
妈妈,n,Desires,孩子,n,
孩子,n,Desires,吃饭,v,
父母,n,Desires,孩子,n,
孩子,n,Desires,玩,v,
女人,n,Desires,孩子,n,
孩子,n,Desires,玩具,n,
老师,n,Desires,休息,v,
妈妈,n,Desires,休息,v,
人,n,Desires,买手机,n,
青少年,n,Desires,买手机,n,
晚上,n,Desires,睡觉,v,
晚上,n,Desires,吃饭,v,
周末,n,Desires,出去玩,n,
老板,n,Desires,加班,v,
加班,v,Desires,加薪,n,
小孩,n,Desires,出去玩,n,
放假,v,Desires,出去玩,n,
学生,n,Desires,出去玩,n,
爸爸,n,Desires,妈妈,n,
妈妈,n,Desires,爸爸,n,
爸爸,n,Desires,吃饭,v,
爸爸,n,Desires,赚钱,v,
爸爸,n,Desires,睡觉,v,
爸爸,n,Desires,儿子,n,
爸爸,n,Desires,看电视,v,
爸爸,n,Desires,女儿,n,
小孩,n,Desires,爸爸,n,
鸟,n,Desires,早起,v,
父母,n,Desires,小孩,n,
父母,n,Desires,钱,n,
父母,n,Desires,乖小孩,n,
小孩,n,Desires,父母,n,
父母,n,Desires,孩子,n,
学生,n,Desires,玩乐,n,
小孩,n,Desires,玩乐,n,
人,n,Desires,玩乐,n,
小狗,n,Desires,玩乐,n,
爸爸,n,Desires,妈妈,n,
妈妈,n,Desires,爸爸,n,
妈妈,n,Desires,小孩,n,
妈妈,n,Desires,睡觉,v,
妈妈,n,Desires,休息,v,
妈妈,n,Desires,钱,n,
妈妈,n,Desires,吃饭,v,
小孩,n,Desires,妈妈,n,
小鸡,n,Desires,小米,n,
鸡,n,Desires,小米,n,
麻雀,n,Desires,小米,n,
蚂蚁,n,Desires,合作,v,
上班族,n,Desires,打卡,v,
学生,n,Desires,学习,v,
婆婆妈妈,n,Desires,消费,v,
小孩,n,Desires,玩具,n,
小朋友,n,Desires,玩具,n,
弟弟,n,Desires,玩具,n,
儿童,n,Desires,玩具,n,
爸爸,n,Desires,出差,v,
爸爸,n,Desires,买车,n,
男人,n,Desires,买车,n,
妈妈,n,Desires,照顾孩子,v,
护士,n,Desires,服务,v,
客户,n,Desires,服务,v,
女人,n,Desires,名牌,n,
正妹,n,Desires,名牌,n,
小美,n,Desires,名牌,n,
宅男,n,Desires,网购,n,
妈妈,n,Desires,网购,n,
宅女,n,Desires,网购,n,
综艺节目,n,Desires,新梗,n,
银行,n,Desires,钱,n,
男孩,n,Desires,机器人,n,
台风,n,Desires,防水,v,
小狗,n,Desires,散步,n,
狗,n,Desires,散步,n,
狗狗,n,Desires,散步,n,
宠物,n,Desires,散步,n,
狗狗,n,Desires,吃饭,v,
狗狗,n,Desires,睡觉,v,
狗狗,n,Desires,玩,v,
狗狗,n,Desires,散步,n,
新流感,n,Desires,打疫苗,v,
乡民,n,Desires,亲戚,n,
孤儿,n,Desires,亲戚,n,
朋友,n,Desires,友情,n,
人,n,Desires,朋友,n,
黑人,n,Desires,嘻哈,n,
电视剧,n,Desires,女优,n,
为人父,v,Desires,教育孩子,v,
老师,n,Desires,问问题,n,
小S,n,Desires,问问题,n,
小孩,n,Desires,听故事,v,
小杰,n,Desires,听故事,v,
人,n,HasA,外面,a,
车,n,HasA,外面,a,
狗,n,HasA,外面,a,
鬼,n,HasA,外面,a,
老板,n,HasA,公司,n,
员工,n,HasA,公司,n,
职员,n,HasA,公司,n,
同事,n,HasA,公司,n,
经理,n,HasA,公司,n,
老师,n,HasA,学校,n,
学生,n,HasA,学校,n,
校长,n,HasA,学校,n,
教室,n,HasA,学校,n,
操场,n,HasA,学校,n,
主任,n,HasA,学校,n,
同学,n,HasA,学校,n,
教官,n,HasA,学校,n,
工友,n,HasA,学校,n,
黑板,n,HasA,学校,n,
妈妈,n,HasA,家,n,
爸爸,n,HasA,家,n,
电视,n,HasA,家,n,
电视,n,HasA,家里,a,
电视,n,HasA,客厅,n,
爸爸,n,HasA,家里,a,
爸爸,n,HasA,家,n,
父母,n,HasA,家里,a,
牌子,n,HasA,滑鼠,n,
牌子,n,HasA,钱包,n,
故事,n,HasA,书中,a,
内容,n,HasA,公文封,n,
内容,n,HasA,大脑,n,
妈妈,n,HasA,家里,a,
水果,n,HasA,冰箱,n,
饮料,n,HasA,冰箱,n,
食物,n,HasA,冰箱,n,
冰块,n,HasA,冰箱,n,
蔬菜,n,HasA,冰箱,n,
冰箱,n,HasA,家里,a,
鸡蛋,n,HasA,冰箱,n,
牛奶,n,HasA,冰箱,n,
冰棒,n,HasA,冰箱,n,
冰淇淋,n,HasA,冰箱,n,
鱼,n,HasA,冰箱,n,
肉,n,HasA,冰箱,n,
品牌,n,HasA,笔,n,
颜色,n,HasA,花,v,
颜色,n,HasA,大便,v,
颜色,n,HasA,极光,n,
颜色,n,HasA,笔,n,
音响,n,HasA,房间,n,
音响,n,HasA,电脑,n,
音响,n,HasA,车子理,n,
音箱,n,HasA,电视机,n,
音箱,n,HasA,吉他,n,
声音,n,HasA,爆炸,v,
电梯,n,HasA,公寓,n,
楼梯,n,HasA,公寓,n,
水塔,n,HasA,公寓,n,
墙壁,a,HasA,公寓,n,
窗户,n,HasA,公寓,n,
房间,n,HasA,公寓,n,
无线的,a,HasA,滑鼠,n,
灯,n,HasA,图书馆,n,
玩具,n,HasA,百货公司,n,
旋转,v,HasA,木马,n,
病毒,n,HasA,木马,n,
木马,n,HasA,游乐园,n,
木马,n,HasA,公园,n,
张菲,n,HasA,综艺节目,n,
明星,n,HasA,综艺节目,n,
综艺节目,n,HasA,电视节目,n,
谐星,n,HasA,综艺节目,n,
钱,n,HasA,银行,n,
警卫,n,HasA,银行,n,
设备,v,HasA,游泳池,n,
设备,v,HasA,实验室,n,
课本,n,HasA,学校,n,
课本,n,HasA,书包,n,
亲戚,n,HasA,人,n,
亲戚,n,HasA,爸爸,n,
电视剧,n,HasA,韩国,n,
电视剧,n,HasA,电视里,a,
网站,n,HasA,网路世界,n,
网站,n,HasA,电脑里,a,
绘本,n,HasA,图书馆,n,
出门,v,HasFirstSubevent,穿衣服,n,
到公司,v,HasFirstSubevent,收信,v,
到公司,v,HasFirstSubevent,打卡,v,
工作,v,HasFirstSubevent,到公司,v,
到公司,v,HasFirstSubevent,开门,v,
到公司,v,HasFirstSubevent,打招呼,v,
到公司,v,HasFirstSubevent,上批踢踢,v,
睡觉,v,HasFirstSubevent,关灯,n,
睡觉,v,HasFirstSubevent,刷牙,v,
吃饭,v,HasFirstSubevent,洗手,v,
吃饭,v,HasFirstSubevent,拿筷子,v,
到家,v,HasFirstSubevent,拿钥匙,v,
到家,v,HasFirstSubevent,开门,v,
出门,v,HasFirstSubevent,开门,v,
出门,v,HasFirstSubevent,穿鞋子,v,
出门,v,HasFirstSubevent,穿衣服,n,
出门,v,HasFirstSubevent,拿钥匙,v,
出门,v,HasFirstSubevent,化妆,n,
出门,v,HasFirstSubevent,穿鞋,n,
出门,v,HasFirstSubevent,锁门,n,
开车,v,HasFirstSubevent,系安全带,v,
开车,v,HasFirstSubevent,开车门,v,
开车,v,HasFirstSubevent,发动引擎,v,
开车,v,HasFirstSubevent,加油,v,
打电话,n,HasFirstSubevent,拿起话筒,v,
打电话,n,HasFirstSubevent,拿起电话,v,
打电话,n,HasFirstSubevent,拨号,v,
睡觉,v,HasFirstSubevent,设闹钟,v,
跳舞,v,HasFirstSubevent,放音乐,v,
睡觉,v,HasFirstSubevent,放音乐,v,
洗澡,v,HasFirstSubevent,放音乐,v,
唱歌,n,HasFirstSubevent,放音乐,v,
早起,v,HasFirstSubevent,吃早餐,v,
早起,v,HasFirstSubevent,刷牙,v,
吃饭,v,HasFirstSubevent,做饭,v,
做饭,v,HasFirstSubevent,洗菜,n,
做饭,v,HasFirstSubevent,洗米,n,
做饭,v,HasFirstSubevent,洗锅子,v,
做饭,v,HasFirstSubevent,买菜,n,
做饭,v,HasFirstSubevent,切菜,n,
做饭,v,HasFirstSubevent,买食材,v,
做饭,v,HasFirstSubevent,开火,v,
写作业,v,HasFirstSubevent,拿铅笔,v,
回家,n,HasFirstSubevent,开门,v,
回家,n,HasFirstSubevent,洗手,v,
回家,n,HasFirstSubevent,脱鞋子,v,
回家,n,HasFirstSubevent,洗澡,v,
回家,n,HasFirstSubevent,拿钥匙,v,
上班,v,HasFirstSubevent,打卡,v,
想下班,v,HasFirstSubevent,打卡,v,
工作,v,HasFirstSubevent,打卡,v,
下班,v,HasFirstSubevent,打卡,v,
听mp3,v,HasFirstSubevent,充电,v,
充电,v,HasFirstSubevent,找插座,v,
充电,v,HasFirstSubevent,拔电池,v,
买车,n,HasFirstSubevent,赚钱,v,
有钱,v,HasFirstSubevent,买车,n,
好人,n,HasFirstSubevent,接送,v,
出国旅行,v,HasFirstSubevent,订房间,n,
约会,n,HasFirstSubevent,订房间,n,
接电话,n,HasFirstSubevent,按下通话键,v,
接电话,n,HasFirstSubevent,看来电显示,v,
接电话,n,HasFirstSubevent,拿起话筒,v,
出门,v,HasFirstSubevent,带手机,v,
准备出门,v,HasFirstSubevent,带手机,v,
带手机,v,HasFirstSubevent,充饱电,n,
出去,v,HasFirstSubevent,带手机,v,
运动,v,HasFirstSubevent,暖身,v,
运动,v,HasFirstSubevent,热身,n,
问问题,n,HasFirstSubevent,举手,v,
睡觉,v,HasFirstSubevent,听故事,v,
听故事,v,HasFirstSubevent,拿故事书,v,
听故事,v,HasFirstSubevent,翻开故事书,v,
听故事,v,HasFirstSubevent,静静听,v,
听故事,v,HasFirstSubevent,安静,n,
买东西吃,v,HasFirstSubevent,点餐,v,
买早餐,v,HasFirstSubevent,点餐,v,
去买饭,v,HasFirstSubevent,点餐,v,
去买东西吃,v,HasFirstSubevent,点餐,v,
去餐馆,v,HasFirstSubevent,点餐,v,
买便当,v,HasFirstSubevent,点餐,v,
糖果,n,HasProperty,买,v,
水果,n,HasProperty,买,v,
豆花妹,n,HasProperty,广告,n,
孩子,n,HasProperty,可爱,v,
孩子,n,HasProperty,天真,n,
电子产品,n,HasProperty,创新,v,
滑鼠,n,HasProperty,电子产品,n,
产品,n,HasProperty,创新,v,
回音,n,HasProperty,声音,n,
手机,n,HasProperty,方便,a,
泡面,n,HasProperty,方便,a,
糖果,n,HasProperty,硬,a,
大便,v,HasProperty,硬,a,
石头,n,HasProperty,硬,a,
冰,n,HasProperty,硬,a,
雕像,n,HasProperty,硬,a,
玻璃,n,HasProperty,硬,a,
大陆货,n,HasProperty,便宜,a,
糖果,n,HasProperty,便宜,a,
矿泉水,n,HasProperty,便宜,a,
火锅,n,HasProperty,便宜,a,
橘子,n,HasProperty,便宜,a,
玉米,n,HasProperty,便宜,a,
作业,n,HasProperty,讨厌,v,
作业,n,HasProperty,烦人,a,
甜心卡,n,HasProperty,实惠,v,
苦瓜,n,HasProperty,白色,n,
盐巴,n,HasProperty,白色,n,
牛奶,n,HasProperty,白色,n,
盐巴,n,HasProperty,白色的,a,
盐,n,HasProperty,白色的,a,
云,n,HasProperty,白色的,a,
巧克力,n,HasProperty,白色的,a,
糖果,n,HasProperty,哄小孩,v,
买,v,HasSubevent,付钱,v,
买,v,HasSubevent,花钱,n,
买,v,HasSubevent,开心,v,
买,v,HasSubevent,刷卡,n,
买,v,HasSubevent,用到钱,v,
想喝饮料,v,HasSubevent,买,v,
生病,n,HasSubevent,吃药,v,
圣诞节,n,HasSubevent,吃圣诞大餐,v,
淘宝,n,HasSubevent,被骗,v,
淘宝,n,HasSubevent,买东西,v,
外面,a,HasSubevent,装气质,v,
外面,a,HasSubevent,假装开心,v,
外面,a,HasSubevent,活泼,a,
外面,a,HasSubevent,走路,n,
外面,a,HasSubevent,注意言行,v,
外面,a,HasSubevent,害羞,a,
外面,a,HasSubevent,吃饭,v,
外面,a,HasSubevent,注意举止,v,
外面,a,HasSubevent,交朋友,n,
外面,a,HasSubevent,彬彬有礼,n,
唱歌,n,HasSubevent,抖音,v,
生病,n,HasSubevent,休息,v,
累,a,HasSubevent,休息,v,
休息,v,HasSubevent,睡觉,v,
公司,n,HasSubevent,上班,v,
公司,n,HasSubevent,认真工作,v,
公司,n,HasSubevent,工作,v,
买手机,n,HasSubevent,说话,v,
买手机,n,HasSubevent,聊天,n,
买手机,n,HasSubevent,门号续约,n,
买手机,n,HasSubevent,花钱,n,
买手机,n,HasSubevent,考虑,v,
买手机,n,HasSubevent,准备钱,v,
买手机,n,HasSubevent,上网查评价,v,
买手机,n,HasSubevent,去手机店,v,
买手机,n,HasSubevent,比较不同手机,v,
学校,n,HasSubevent,上课,v,
学校,n,HasSubevent,读书,n,
学校,n,HasSubevent,睡觉,v,
家,n,HasSubevent,睡觉,v,
家,n,HasSubevent,看电视,v,
家,n,HasSubevent,吃饭,v,
家,n,HasSubevent,上网,v,
听音乐,v,HasSubevent,用耳机,v,
晚上,n,HasSubevent,睡觉,v,
晚上,n,HasSubevent,看电视,v,
晚上,n,HasSubevent,吃饭,v,
晚上,n,HasSubevent,吃晚餐,v,
晚上,n,HasSubevent,洗澡,v,
晚上,n,HasSubevent,熬夜,v,
睡觉,v,HasSubevent,打呼,v,
上夜班,v,HasSubevent,半夜出门,v,
期中考前,a,HasSubevent,上补习班,v,
周末,n,HasSubevent,很开心,a,
周末,n,HasSubevent,跟朋友聚会,v,
周末,n,HasSubevent,睡觉,v,
周末,n,HasSubevent,吃饭,v,
周末,n,HasSubevent,放松,v,
周末,n,HasSubevent,看电影,v,
周末,n,HasSubevent,约会,n,
周末,n,HasSubevent,去健身房,v,
周末,n,HasSubevent,逛街,v,
肚子饿,n,HasSubevent,吃饭,v,
吃饭,v,HasSubevent,看电视,v,
假日,n,HasSubevent,出去玩,n,
情人节,n,HasSubevent,出去玩,n,
生日,n,HasSubevent,出去玩,n,
放假,v,HasSubevent,出去玩,n,
来玩,v,HasSubevent,亲戚来家里,v,
来寒喧,v,HasSubevent,亲戚来家里,v,
来关心,v,HasSubevent,亲戚来家里,v,
来吃饭,v,HasSubevent,亲戚来家里,v,
来祝贺,v,HasSubevent,亲戚来家里,v,
节日,n,HasSubevent,吃大餐,v,
节日,n,HasSubevent,庆祝,v,
开车,v,HasSubevent,听音乐,v,
开车,v,HasSubevent,看路,v,
想你,v,HasSubevent,打电话,n,
打电话,n,HasSubevent,拨号,v,
设闹钟,v,HasSubevent,设早一点,v,
设闹钟,v,HasSubevent,拿手机来用,v,
设闹钟,v,HasSubevent,看时间,v,
睡觉,v,HasSubevent,设闹钟,v,
放音乐,v,HasSubevent,跳舞,v,
放音乐,v,HasSubevent,唱歌,n,
放音乐,v,HasSubevent,开心,v,
放音乐,v,HasSubevent,睡觉,v,
开心,v,HasSubevent,唱歌,n,
生日,n,HasSubevent,唱歌,n,
洗澡,v,HasSubevent,唱歌,n,
快乐,a,HasSubevent,唱歌,n,
吃饭,v,HasSubevent,看电视,v,
无聊,a,HasSubevent,看电视,v,
家里,a,HasSubevent,看电视,v,
选课日,v,HasSubevent,早起,v,
等人,v,HasSubevent,看手表,v,
电梯内放屁,v,HasSubevent,看手表,v,
考试,v,HasSubevent,看手表,v,
暗示,v,HasSubevent,信号,n,
内容,n,HasSubevent,招牌,v,
品牌,n,HasSubevent,枫叶,n,
品牌,n,HasSubevent,雪碧,n,
品牌,n,HasSubevent,乖乖,v,
运动,v,HasSubevent,和朋友一起,v,
学校,n,HasSubevent,写作业,v,
合作,v,HasSubevent,演唱会,n,
下班,v,HasSubevent,回家,n,
上班时,v,HasSubevent,打卡,v,
下班,v,HasSubevent,打卡,v,
打工,v,HasSubevent,打卡,v,
充电,v,HasSubevent,看电视,v,
学校,n,HasSubevent,学习,v,
忙,v,HasSubevent,疲累,a,
有人,n,HasSubevent,声音,n,
情趣商店,n,HasSubevent,消费,v,
带钱,v,HasSubevent,消费,v,
不方便,a,HasSubevent,下雨,v,
便宜,a,HasSubevent,卤肉饭,n,
纯洁,a,HasSubevent,白色,n,
麻烦,a,HasSubevent,小孩,n,
有钱,v,HasSubevent,买车,n,
有驾照,v,HasSubevent,买车,n,
电话响,n,HasSubevent,接电话,n,
上班,v,HasSubevent,接电话,n,
接电话,n,HasSubevent,电话响,n,
综艺节目,n,HasSubevent,康熙来了,n,
银行,n,HasSubevent,存钱,v,
银行,n,HasSubevent,领钱,n,
电影咏春拳,n,HasSubevent,咏春,n,
甄子丹,n,HasSubevent,咏春,n,
歌咏春天,v,HasSubevent,咏春,n,
拳,n,HasSubevent,咏春,n,
永远的春天,n,HasSubevent,咏春,n,
出门,v,HasSubevent,带手机,v,
买菜,n,HasSubevent,带手机,v,
出去买,v,HasSubevent,带手机,v,
准备出门,v,HasSubevent,带手机,v,
公园,n,HasSubevent,散步,n,
亲戚,n,HasSubevent,有人送礼物,v,
友情,n,HasSubevent,朋友,n,
上课,v,HasSubevent,玩手机,v,
大便,v,HasSubevent,玩手机,v,
上厕所,v,HasSubevent,玩手机,v,
教室,n,HasSubevent,玩手机,v,
上课时,n,HasSubevent,玩手机,v,
房间,n,HasSubevent,玩手机,v,
问问题,n,HasSubevent,举手,v,
上课时,n,HasSubevent,问问题,n,
学校,n,HasSubevent,问问题,n,
问问题,n,HasSubevent,思考,v,
教授,n,HasSubevent,问问题,n,
看PTT的时候,a,HasSubevent,问问题,n,
听故事,v,HasSubevent,睡觉,v,
听故事,v,HasSubevent,抱枕头,v,
听故事,v,HasSubevent,开收音机,v,
听故事,v,HasSubevent,关灯,n,
无聊,a,HasSubevent,听音乐,v,
无聊,a,HasSubevent,听歌,v,
餐厅,n,HasSubevent,点餐,v,
上馆子,n,HasSubevent,点餐,v,
点餐,v,HasSubevent,叫服务生,v,
去餐厅,v,HasSubevent,点餐,v,
电脑,n,IsA,工具,n,
电脑,n,IsA,电器,n,
电脑,n,IsA,机器,n,
孩子,n,IsA,甜蜜的负担,n,
家,n,IsA,避风港,n,
跨年,v,IsA,节日,n,
电视,n,IsA,电器,n,
电视,n,IsA,娱乐,v,
电视,n,IsA,机器,n,
电视,n,IsA,家电,v,
电视,n,IsA,电器用品,n,
手机,n,IsA,工具,n,
手机,n,IsA,通讯工具,n,
手机,n,IsA,电话,n,
小夜灯,n,IsA,电灯,n,
上课,v,IsA,互动,v,
相处,v,IsA,互动,v,
爱情,n,IsA,互动,v,
耳机,n,IsA,电子产品,n,
电脑,n,IsA,电子产品,n,
手机,n,IsA,电子产品,n,
遥控器,n,IsA,电子产品,n,
耳机,n,IsA,电子产品,n,
电视,n,IsA,电子产品,n,
列表机,n,IsA,电子产品,n,
冰箱,n,IsA,电子产品,n,
键盘,n,IsA,电子产品,n,
遥控器,n,IsA,电子产品,n,
遥控器,n,IsA,电器,n,
电脑,n,IsA,产品,n,
手机,n,IsA,产品,n,
产品,n,IsA,宝珍香,n,
胶水,n,IsA,产品,n,
计算机,n,IsA,产品,n,
电锅,n,IsA,产品,n,
3C产品,n,IsA,产品,n,
汽车,n,IsA,产品,n,
照相机,n,IsA,产品,n,
玩具,n,IsA,产品,n,
兄弟,n,IsA,牌子,n,
小说,n,IsA,故事,n,
历史,n,IsA,故事,n,
故事,n,IsA,白雪公主,n,
书,n,IsA,内容,n,
嚼槟榔,v,IsA,问题,n,
吃饭,v,IsA,问题,n,
生病,n,IsA,问题,n,
冰箱,n,IsA,电器,n,
电视,n,IsA,家电,v,
冰箱,n,IsA,家电,v,
电脑,n,IsA,家电,v,
洗衣机,n,IsA,家电,v,
吸尘器,n,IsA,家电,v,
台灯,n,IsA,家电,v,
家电,v,IsA,日常用品,n,
收音机,n,IsA,家电,v,
电话,n,IsA,家电,v,
电风扇,n,IsA,家电,v,
吹风机,n,IsA,家电,v,
冷气,n,IsA,家电,v,
洗碗机,n,IsA,家电,v,
统一,v,IsA,品牌,n,
香奈儿,n,IsA,品牌,n,
名牌,n,IsA,品牌,n,
五月花,n,IsA,品牌,n,
保时捷,n,IsA,品牌,n,
星巴克,n,IsA,品牌,n,
绿色,n,IsA,颜色,n,
白,a,IsA,颜色,n,
黑白,n,IsA,颜色,n,
空调,n,IsA,家店,n,
鼻子,n,IsA,外观,n,
合作,v,IsA,团队,n,
吃饭,v,IsA,充电,v,
上课,v,IsA,学习,v,
搭搭搭,n,IsA,声音,n,
MP3下载,v,IsA,百度,n,
手机,n,IsA,方便,a,
交通工具,n,IsA,方便,a,
公寓,n,IsA,房子,n,
公寓,n,IsA,大楼,n,
吹风机,n,IsA,电器,n,
吹风机,n,IsA,家电,v,
吹风机,n,IsA,机器,n,
电灯,n,IsA,灯,n,
台灯,n,IsA,灯,n,
灯,n,IsA,照明工具,v,
灯,n,IsA,艺术,n,
电脑,n,IsA,玩具,n,
手机,n,IsA,玩具,n,
乐高,n,IsA,玩具,n,
洋娃娃,n,IsA,玩具,n,
玩具,n,IsA,东西,n,
娃娃,n,IsA,玩具,n,
秋千,n,IsA,玩具,n,
充气娃娃,n,IsA,玩具,n,
玩具,n,IsA,物品,n,
周记,n,IsA,作业,n,
功课,n,IsA,作业,n,
小孩,n,IsA,麻烦,a,
女人,n,IsA,麻烦,a,
微笑,v,IsA,麻烦事,n,
约会,n,IsA,麻烦事,n,
吵架,v,IsA,麻烦事,n,
名牌,n,IsA,虚荣,a,
香奈儿,n,IsA,名牌,n,
名牌,n,IsA,奢侈品,n,
名牌,n,IsA,时尚,n,
名牌,n,IsA,品味,n,
名牌,n,IsA,品牌,n,
拍卖,v,IsA,网购,n,
打殭尸,v,IsA,游戏,n,
机器人,n,IsA,玩具,n,
地铁,n,IsA,电车,n,
电脑,n,IsA,设备,v,
镜框,n,IsA,设备,v,
滑鼠,n,IsA,设备,v,
电视,n,IsA,设备,v,
散步,n,IsA,运动,v,
婴儿车,n,IsA,生活用品,n,
婴儿车,n,IsA,推车,v,
婴儿车,n,IsA,宝宝用物,n,
婴儿车,n,IsA,方便,a,
婴儿车,n,IsA,奢侈品,n,
课本,n,IsA,书,n,
课本,n,IsA,教科书,n,
狗狗,n,IsA,动物,n,
狗狗,n,IsA,宠物,n,
跑步,n,IsA,运动,v,
棒球,n,IsA,运动,v,
游泳,v,IsA,运动,v,
篮球,n,IsA,运动,v,
新信件,n,IsA,功能,n,
狗,n,IsA,朋友,n,
朋友,n,IsA,关系,n,
仙剑奇侠传,v,IsA,电视剧,n,
时钟,n,IsA,提醒,v,
网站,n,IsA,工具,n,
巴哈姆特,a,IsA,网站,n,
网站,n,IsA,台湾大哥大,n,
综艺大哥大,n,MadeOf,广告,n,
电脑,n,MadeOf,零件,n,
电脑,n,MadeOf,主机板,n,
电脑,n,MadeOf,硬碟,n,
电脑,n,MadeOf,萤幕,n,
电脑,n,MadeOf,键盘,n,
电脑,n,MadeOf,塑胶,n,
电脑,n,MadeOf,记忆体,n,
公司,n,MadeOf,员工,n,
学校,n,MadeOf,学生,n,
学校,n,MadeOf,老师,n,
手表,n,MadeOf,金属,n,
手表,n,MadeOf,塑胶,n,
手表,n,MadeOf,玻璃,n,
手表,n,MadeOf,齿轮,n,
手表,n,MadeOf,石英,n,
手表,n,MadeOf,银,n,
电视,n,MadeOf,塑胶,n,
电视,n,MadeOf,电线,n,
家庭,n,MadeOf,爸爸,n,
手机,n,MadeOf,塑胶,n,
手机,n,MadeOf,金属,n,
手机,n,MadeOf,萤幕,n,
手环,n,MadeOf,白金,n,
手环,n,MadeOf,银制品,n,
手环,n,MadeOf,珍珠,n,
手环,n,MadeOf,皮带,n,
手环,n,MadeOf,绳子,n,
手环,n,MadeOf,银,n,
手环,n,MadeOf,铁,n,
手环,n,MadeOf,线,n,
手环,n,MadeOf,金子,n,
耳机,n,MadeOf,电线,n,
耳机,n,MadeOf,塑胶,n,
家庭,n,MadeOf,父母,n,
小孩,n,MadeOf,父母,n,
快乐,a,MadeOf,玩乐,n,
电视,n,MadeOf,电子产品,n,
电脑,n,MadeOf,电子产品,n,
遥控器,n,MadeOf,塑胶,n,
课本,n,MadeOf,内容,n,
内容,n,MadeOf,书本,n,
书本,n,MadeOf,内容,n,
问题,n,MadeOf,语言,n,
几岁,n,MadeOf,年龄,n,
油漆,n,MadeOf,颜色,n,
酒,n,MadeOf,小米,n,
小米粥,n,MadeOf,小米,n,
面粉,n,MadeOf,小米,n,
米饭,n,MadeOf,小米,n,
面,n,MadeOf,小米,n,
麻糬,n,MadeOf,小米,n,
音响,n,MadeOf,喇叭,n,
音响,n,MadeOf,塑胶,n,
成员,n,MadeOf,合作,v,
派对,v,MadeOf,合作,v,
音箱,n,MadeOf,木头,n,
电影,n,MadeOf,声音,n,
百度,n,MadeOf,搜寻引擎,v,
公寓,n,MadeOf,钢铁,n,
吹风机,n,MadeOf,电线,n,
吹风机,n,MadeOf,塑胶,n,
玩具,n,MadeOf,塑胶,n,
玩具,n,MadeOf,木头,n,
玩具,n,MadeOf,铁,n,
三国无双,n,MadeOf,游戏,n,
平板电脑,n,MadeOf,塑胶,n,
平板电脑,n,MadeOf,金属,n,
平板电脑,n,MadeOf,铁,n,
平板电脑,n,MadeOf,矽,n,
平板电脑,n,MadeOf,合金,n,
平板电脑,n,MadeOf,铝,n,
机器人,n,MadeOf,零件,n,
机器人,n,MadeOf,电脑,n,
机器人,n,MadeOf,机械,n,
机器人,n,MadeOf,机器,n,
课本,n,MadeOf,纸,n,
课本,n,MadeOf,文字,n,
课本,n,MadeOf,纸张,n,
课本,n,MadeOf,知识,v,
国军招募,v,MadeOf,电视剧,n,
玩手机,v,MadeOf,无聊,a,
买,v,MotivatedByGoal,吃饭,v,
买,v,MotivatedByGoal,房子,n,
买,v,MotivatedByGoal,车子,n,
买,v,MotivatedByGoal,背包,n,
买,v,MotivatedByGoal,电视,n,
买,v,MotivatedByGoal,电脑,n,
买,v,MotivatedByGoal,窗户,n,
多运动,v,MotivatedByGoal,好身材,n,
睡觉,v,MotivatedByGoal,考试,v,
吹冷气,n,MotivatedByGoal,天气热,n,
上PTT,v,MotivatedByGoal,看资讯,v,
做爱,v,MotivatedByGoal,孩子,n,
领养,n,MotivatedByGoal,孩子,n,
工作,v,MotivatedByGoal,孩子,n,
受精,v,MotivatedByGoal,孩子,n,
睡觉,v,MotivatedByGoal,休息,v,
休息,v,MotivatedByGoal,累,a,
休息,v,MotivatedByGoal,走更长远的路,v,
休息,v,MotivatedByGoal,觉得累,v,
休息,v,MotivatedByGoal,走更远的路,v,
休息,v,MotivatedByGoal,生病,n,
休息,v,MotivatedByGoal,睡觉,v,
休息,v,MotivatedByGoal,补充体力,v,
休息,v,MotivatedByGoal,走更长的路,v,
休息,v,MotivatedByGoal,累了,v,
买手机,n,MotivatedByGoal,炫耀,v,
买手机,n,MotivatedByGoal,方便,a,
买手机,n,MotivatedByGoal,虚荣,a,
买手机,n,MotivatedByGoal,没手机,v,
买手机,n,MotivatedByGoal,有钱,v,
买手机,n,MotivatedByGoal,流行,v,
骑车,n,MotivatedByGoal,通勤,v,
火车站,n,MotivatedByGoal,通勤,v,
睡觉,v,MotivatedByGoal,晚上,n,
看电视,v,MotivatedByGoal,晚上,n,
洗澡,v,MotivatedByGoal,晚上,n,
吃饭,v,MotivatedByGoal,晚上,n,
睡觉,v,MotivatedByGoal,休息,v,
睡觉,v,MotivatedByGoal,累,a,
睡觉,v,MotivatedByGoal,累了,v,
睡觉,v,MotivatedByGoal,无聊,a,
关灯,n,MotivatedByGoal,睡觉,v,
打哈欠,v,MotivatedByGoal,睡觉,v,
睡觉,v,MotivatedByGoal,上夜班,v,
上补习班,v,MotivatedByGoal,读书,n,
上补习班,v,MotivatedByGoal,学英文,v,
吃饭,v,MotivatedByGoal,肚子饿,n,
吃饭,v,MotivatedByGoal,饿,v,
吃饭,v,MotivatedByGoal,饿了,v,
煮饭,v,MotivatedByGoal,吃饭,v,
吃饭,v,MotivatedByGoal,填饱肚子,v,
加班,v,MotivatedByGoal,钱,n,
加班,v,MotivatedByGoal,赚钱,v,
出去玩,n,MotivatedByGoal,无聊,a,
出去玩,n,MotivatedByGoal,快乐,a,
出去玩,n,MotivatedByGoal,开心,v,
出门,v,MotivatedByGoal,吃饭,v,
出门,v,MotivatedByGoal,逛街,v,
化妆,n,MotivatedByGoal,出门,v,
出门,v,MotivatedByGoal,吃东西,v,
换衣服,n,MotivatedByGoal,出门,v,
出门,v,MotivatedByGoal,买东西,v,
拜拜,n,MotivatedByGoal,节日,n,
听音乐,v,MotivatedByGoal,开车,v,
睡觉,v,MotivatedByGoal,开车,v,
开车,v,MotivatedByGoal,出门,v,
打电话,n,MotivatedByGoal,聊天,n,
打电话,n,MotivatedByGoal,找人,v,
打电话,n,MotivatedByGoal,找朋友,v,
打电话,n,MotivatedByGoal,无聊,a,
打电话,n,MotivatedByGoal,,,
打电话,n,MotivatedByGoal,联络感情,n,
设闹钟,v,MotivatedByGoal,睡觉,v,
拿出闹钟,v,MotivatedByGoal,设闹钟,v,
思考几点起来,v,MotivatedByGoal,设闹钟,v,
伸手转闹钟,v,MotivatedByGoal,设闹钟,v,
用到闹钟,v,MotivatedByGoal,设闹钟,v,
买闹钟,v,MotivatedByGoal,设闹钟,v,
设闹钟,v,MotivatedByGoal,盖棉被,v,
设闹钟,v,MotivatedByGoal,说晚安,v,
用到手,v,MotivatedByGoal,设闹钟,v,
设闹钟,v,MotivatedByGoal,早起,v,
想睡觉,v,MotivatedByGoal,设闹钟,v,
放音乐,v,MotivatedByGoal,跳舞,v,
放音乐,v,MotivatedByGoal,听音乐,v,
放音乐,v,MotivatedByGoal,唱歌,n,
放音乐,v,MotivatedByGoal,睡觉,v,
开大声,v,MotivatedByGoal,放音乐,v,
跳舞,v,MotivatedByGoal,放音乐,v,
拿CD,v,MotivatedByGoal,放音乐,v,
语音聊天,v,MotivatedByGoal,上msn,v,
路标,n,MotivatedByGoal,导航,v,
唱歌,n,MotivatedByGoal,开心,v,
唱歌,n,MotivatedByGoal,快乐,a,
去KTV,v,MotivatedByGoal,唱歌,n,
唱歌,n,MotivatedByGoal,无聊,a,
唱歌,n,MotivatedByGoal,洗澡,v,
唱歌,n,MotivatedByGoal,高兴,n,
唱歌,n,MotivatedByGoal,心情好,a,
亲亲,n,MotivatedByGoal,互动,v,
打游戏,n,MotivatedByGoal,下雨,v,
看电视,v,MotivatedByGoal,无聊,a,
看电视,v,MotivatedByGoal,吃饭,v,
开电视,v,MotivatedByGoal,看电视,v,
看电视,v,MotivatedByGoal,打发时间,v,
吃东西,v,MotivatedByGoal,看电视,v,
看电视,v,MotivatedByGoal,娱乐,v,
办信用卡,v,MotivatedByGoal,方便,a,
办信用卡,v,MotivatedByGoal,特惠,n,
早起,v,MotivatedByGoal,健康,a,
早起,v,MotivatedByGoal,健康的身体,n,
早睡,v,MotivatedByGoal,早起,v,
睡觉,v,MotivatedByGoal,早起,v,
早起,v,MotivatedByGoal,吃早餐,v,
早起,v,MotivatedByGoal,爬山,n,
看手表,v,MotivatedByGoal,聊天,n,
看手表,v,MotivatedByGoal,刚睡醒,v,
看手表,v,MotivatedByGoal,想下班,v,
看手表,v,MotivatedByGoal,回家,n,
举起手,v,MotivatedByGoal,看手表,v,
读书,n,MotivatedByGoal,父母,n,
唸书,v,MotivatedByGoal,父母,n,
念书,n,MotivatedByGoal,父母,n,
玩乐,n,MotivatedByGoal,快乐,a,
玩乐,n,MotivatedByGoal,开心,v,
赚钱,v,MotivatedByGoal,玩乐,n,
找朋友,v,MotivatedByGoal,玩乐,n,
打球,v,MotivatedByGoal,玩乐,n,
工作,v,MotivatedByGoal,钱,n,
工作,v,MotivatedByGoal,赚钱,v,
工作,v,MotivatedByGoal,养家,n,
工作,v,MotivatedByGoal,生活,v,
努力,a,MotivatedByGoal,工作,v,
读书,n,MotivatedByGoal,工作,v,
工作,v,MotivatedByGoal,吃饭,v,
工作,v,MotivatedByGoal,养家活口,n,
工作,v,MotivatedByGoal,兴趣,n,
做饭,v,MotivatedByGoal,吃饭,v,
买米,v,MotivatedByGoal,做饭,v,
洗米,n,MotivatedByGoal,做饭,v,
买菜,n,MotivatedByGoal,做饭,v,
回家,n,MotivatedByGoal,睡觉,v,
回家,n,MotivatedByGoal,吃饭,v,
回家,n,MotivatedByGoal,想家,v,
回家,n,MotivatedByGoal,休息,v,
洗澡,v,MotivatedByGoal,回家,n,
回家,n,MotivatedByGoal,放学,n,
回家,n,MotivatedByGoal,看电视,v,
看电视,v,MotivatedByGoal,回家,n,
睡觉,v,MotivatedByGoal,充电,v,
休息,v,MotivatedByGoal,充电,v,
寻找插头,v,MotivatedByGoal,充电,v,
放松,v,MotivatedByGoal,充电,v,
读书,n,MotivatedByGoal,学习,v,
上学,n,MotivatedByGoal,学习,v,
学习,v,MotivatedByGoal,知识,v,
上课,v,MotivatedByGoal,学习,v,
看书,v,MotivatedByGoal,学习,v,
学习,v,MotivatedByGoal,工作,v,
学习,v,MotivatedByGoal,智慧,n,
学习,v,MotivatedByGoal,考试,v,
学习,v,MotivatedByGoal,成长,v,
唸书,v,MotivatedByGoal,学习,v,
睡觉,v,MotivatedByGoal,忙,v,
偷懒,v,MotivatedByGoal,忙,v,
累,a,MotivatedByGoal,忙,v,
多一点时间,v,MotivatedByGoal,忙,v,
休息一下,v,MotivatedByGoal,忙,v,
人间蒸发,n,MotivatedByGoal,忙,v,
开车,v,MotivatedByGoal,方便,a,
买车,n,MotivatedByGoal,方便,a,
办信用卡,v,MotivatedByGoal,方便,a,
搭捷运,v,MotivatedByGoal,方便,a,
交通工具,n,MotivatedByGoal,方便,a,
买手机,n,MotivatedByGoal,方便,a,
赚钱,v,MotivatedByGoal,消费,v,
消费,v,MotivatedByGoal,钱,n,
工作,v,MotivatedByGoal,消费,v,
消费,v,MotivatedByGoal,发票,n,
吃药,v,MotivatedByGoal,硬,a,
很硬,a,MotivatedByGoal,硬,a,
便宜,a,MotivatedByGoal,买房子,n,
搭火车,v,MotivatedByGoal,出差,v,
赚钱,v,MotivatedByGoal,买车,n,
工作,v,MotivatedByGoal,买车,n,
买车,n,MotivatedByGoal,车,n,
买车,n,MotivatedByGoal,车子,n,
存钱,v,MotivatedByGoal,买车,n,
买车,n,MotivatedByGoal,方便,a,
买车,n,MotivatedByGoal,开车,v,
买车,n,MotivatedByGoal,中乐透,n,
买车,n,MotivatedByGoal,代步,n,
买车,n,MotivatedByGoal,把妹,v,
买车,n,MotivatedByGoal,出去玩,n,
开车,v,MotivatedByGoal,接送,v,
生活,v,MotivatedByGoal,服务,v,
网购,n,MotivatedByGoal,白马马力夯,n,
网购,n,MotivatedByGoal,苏打绿的专辑,n,
上网,v,MotivatedByGoal,网购,n,
看电视,v,MotivatedByGoal,综艺节目,n,
游戏,n,MotivatedByGoal,无聊,a,
读书,n,MotivatedByGoal,充实自己,v,
充实自己,v,MotivatedByGoal,工作,v,
唸书,v,MotivatedByGoal,充实自己,v,
充实自己,v,MotivatedByGoal,女朋友,n,
看书,v,MotivatedByGoal,充实自己,v,
念书,n,MotivatedByGoal,充实自己,v,
充实自己,v,MotivatedByGoal,男朋友,n,
充实自己,v,MotivatedByGoal,钱,n,
充实自己,v,MotivatedByGoal,人爱,v,
工作,v,MotivatedByGoal,充实自己,v,
充实自己,v,MotivatedByGoal,女人,n,
充实自己,v,MotivatedByGoal,成就,n,
充实自己,v,MotivatedByGoal,美好的人生,n,
充实自己,v,MotivatedByGoal,好工作,n,
充实自己,v,MotivatedByGoal,快乐的生活,n,
充实自己,v,MotivatedByGoal,女友,n,
充实自己,v,MotivatedByGoal,财富,n,
充实自己,v,MotivatedByGoal,人追,v,
带手机,v,MotivatedByGoal,出门去,v,
带手机,v,MotivatedByGoal,出门,v,
带手机,v,MotivatedByGoal,逛一中,v,
带手机,v,MotivatedByGoal,爬山,n,
带手机,v,MotivatedByGoal,逛街,v,
自己开车,v,MotivatedByGoal,去101,v,
散步,n,MotivatedByGoal,休息,v,
走路,n,MotivatedByGoal,散步,n,
散步,n,MotivatedByGoal,放松,v,
散步,n,MotivatedByGoal,吃饱,v,
运动,v,MotivatedByGoal,健康,a,
运动,v,MotivatedByGoal,减肥,v,
运动,v,MotivatedByGoal,健康的身体,n,
运动,v,MotivatedByGoal,好身材,n,
跑步,n,MotivatedByGoal,运动,v,
抽卫生纸,v,MotivatedByGoal,使用,v,
交朋友,n,MotivatedByGoal,朋友,n,
玩手机,v,MotivatedByGoal,上课,v,
玩手机,v,MotivatedByGoal,大便,v,
玩手机,v,MotivatedByGoal,无聊,a,
揍他,v,MotivatedByGoal,教育孩子,v,
爱他,v,MotivatedByGoal,教育孩子,v,
过滤水,v,MotivatedByGoal,水,n,
上PTT,v,MotivatedByGoal,问问题,n,
问问题,n,MotivatedByGoal,常识点数,n,
问问题,n,MotivatedByGoal,看不懂,v,
问问题,n,MotivatedByGoal,上PTT,v,
听音乐,v,MotivatedByGoal,睡觉,v,
开电脑,v,MotivatedByGoal,听音乐,v,
听音乐,v,MotivatedByGoal,无聊,a,
开音响,v,MotivatedByGoal,听音乐,v,
戴耳机,v,MotivatedByGoal,听音乐,v,
听音乐,v,MotivatedByGoal,放松,v,
听音乐,v,MotivatedByGoal,看书,v,
唱歌,n,MotivatedByGoal,听音乐,v,
听音乐,v,MotivatedByGoal,开心,v,
放cd,v,MotivatedByGoal,听音乐,v,
极限运动,n,MotivatedByGoal,快感,a,
听歌,v,MotivatedByGoal,无聊,a,
开电脑,v,MotivatedByGoal,听歌,v,
听歌,v,MotivatedByGoal,唱歌,n,
开音响,v,MotivatedByGoal,听歌,v,
开收音机,v,MotivatedByGoal,听歌,v,
唱歌,n,MotivatedByGoal,听歌,v,
听歌,v,MotivatedByGoal,想听歌,v,
叫服务生,v,MotivatedByGoal,点餐,v,
思考,v,MotivatedByGoal,点餐,v,
看看钱够不够,v,MotivatedByGoal,点餐,v,
看menu,v,MotivatedByGoal,点餐,v,
阅读菜单,v,MotivatedByGoal,点餐,v,
找位置,v,MotivatedByGoal,点餐,v,
排队,n,MotivatedByGoal,点餐,v,
研究菜单,v,MotivatedByGoal,点餐,v,
听服务生介绍,v,MotivatedByGoal,点餐,v,
小叮当,n,NotDesires,老鼠,n,
看电视,v,NotDesires,广告,n,
孩子,n,NotDesires,妈妈,n,
孩子,n,NotDesires,被打,v,
公司,n,NotDesires,倒闭,v,
保安人员,n,NotDesires,上夜班,v,
青春期的女儿,n,NotDesires,上补习班,v,
上班族,n,NotDesires,加班,v,
员工,n,NotDesires,加班,v,
老师,n,NotDesires,加班,v,
爸爸,n,NotDesires,加班,v,
人,n,NotDesires,加班,v,
职员,n,NotDesires,加班,v,
公务员,n,NotDesires,加班,v,
劳工,v,NotDesires,加班,v,
大家,n,NotDesires,加班,v,
工程师,n,NotDesires,加班,v,
工人,n,NotDesires,加班,v,
宅男,n,NotDesires,出门,v,
爸爸,n,NotDesires,妈妈,n,
妈妈,n,NotDesires,爸爸,n,
爸爸,n,NotDesires,失业,n,
学生,n,NotDesires,早起,v,
大学生,n,NotDesires,早起,v,
上班族,n,NotDesires,早起,v,
,,NotDesires,早起,v,
父母,n,NotDesires,没钱,v,
父母,n,NotDesires,坏小孩,n,
父母,n,NotDesires,坏孩子,n,
学生,n,NotDesires,父母,n,
小孩,n,NotDesires,父母,n,
小孩,n,NotDesires,妈妈,n,
爸爸,n,NotDesires,妈妈,n,
妈妈,n,NotDesires,蟑螂,n,
妈妈,n,NotDesires,老鼠,n,
妈妈,n,NotDesires,坏小孩,n,
大雄,n,NotDesires,妈妈,n,
不会时,v,NotDesires,问题,n,
妈妈,n,NotDesires,做饭,v,
老婆,n,NotDesires,做饭,v,
学生,n,NotDesires,写作业,v,
小孩,n,NotDesires,写作业,v,
上班族,n,NotDesires,打卡,v,
人,n,NotDesires,忙,v,
殭尸,n,NotDesires,灯,n,
电脑,n,NotDesires,木马,n,
学生,n,NotDesires,作业,n,
小朋友,n,NotDesires,作业,n,
小孩,n,NotDesires,作业,n,
,,NotDesires,作业,n,
同学,n,NotDesires,作业,n,
小学生,n,NotDesires,作业,n,
老师,n,NotDesires,作业,n,
大学生,n,NotDesires,作业,n,
小胖,n,NotDesires,肥胖,a,
小胖,n,NotDesires,悲伤,a,
小胖,n,NotDesires,身体不舒服,v,
老师,n,NotDesires,麻烦,a,
男人,n,NotDesires,麻烦,a,
老板,n,NotDesires,麻烦,a,
台风,n,NotDesires,出差,v,
上班,v,NotDesires,出差,v,
记者,n,NotDesires,出差,v,
老师,n,NotDesires,麻烦事,n,
睡觉,v,NotDesires,接电话,n,
吃饭,v,NotDesires,接电话,n,
很想休息,v,NotDesires,接电话,n,
接电话,n,NotDesires,诈骗集团,v,
想休息,v,NotDesires,接电话,n,
宅男,n,NotDesires,名牌,n,
综艺节目,n,NotDesires,录到鬼,v,
银行,n,NotDesires,抢匪,v,
银行,n,NotDesires,没钱,v,
模型,n,NotDesires,机器人,n,
学生,n,NotDesires,课本,n,
狗狗,n,NotDesires,被打,v,
猫咪,n,NotDesires,狗狗,n,
朋友,n,NotDesires,背叛,v,
机车,n,PartOf,通勤,v,
码表,n,PartOf,手表,n,
小夜灯,n,PartOf,深夜唯一光明,n,
小夜灯,n,PartOf,家电,v,
小夜灯,n,PartOf,电器用品,n,
小夜灯,n,PartOf,照明设备,n,
耳机,n,PartOf,生活,v,
耳机,n,PartOf,随身听,n,
耳机,n,PartOf,听音乐,v,
耳机,n,PartOf,手机,n,
耳机,n,PartOf,电脑,n,
电子零组件,n,PartOf,电子产品,n,
滑鼠,n,PartOf,电子产品,n,
码表,n,PartOf,电子产品,n,
遥控器,n,PartOf,电视,n,
遥控器,n,PartOf,电器,n,
遥控器,n,PartOf,生活,v,
遥控器,n,PartOf,冷气,n,
按钮,n,PartOf,遥控器,n,
品牌,n,PartOf,产品,n,
包租婆,n,PartOf,故事,n,
冷气机,n,PartOf,家电,v,
品牌,n,PartOf,产品,n,
法拉利,n,PartOf,品牌,n,
品牌,n,PartOf,公司,n,
饼干,n,PartOf,品牌,n,
品牌,n,PartOf,品牌管理,v,
品牌形象,n,PartOf,公司,n,
品牌形象,n,PartOf,行销,v,
品牌形象,n,PartOf,要赚钱,v,
品牌形象,n,PartOf,企业,n,
空调,n,PartOf,冷气,n,
空调,n,PartOf,房间,n,
冷气机,n,PartOf,空调,n,
空调,n,PartOf,办公室,n,
空调,n,PartOf,家里,a,
空调,n,PartOf,大楼,n,
空调,n,PartOf,夏天,n,
空调,n,PartOf,公共场所,n,
电风扇,n,PartOf,空调,n,
平衡,a,PartOf,生态链,n,
音响,n,PartOf,音乐,n,
音响,n,PartOf,生活,v,
音响,n,PartOf,喇叭,n,
声带,n,PartOf,声音,n,
音乐,n,PartOf,声音,n,
厕所,n,PartOf,公寓,n,
网购,n,PartOf,消费,v,
吹风机,n,PartOf,电器,n,
灯,n,PartOf,家,n,
灯,n,PartOf,房间,n,
菜单,n,PartOf,服务,v,
网购,n,PartOf,消费,v,
网购,n,PartOf,购物,n,
钱,n,PartOf,银行,n,
纸巾,n,PartOf,餐桌,n,
纸巾,n,PartOf,纸类,n,
朋友,n,PartOf,生活,v,
朋友,n,PartOf,人生,n,
密码,n,PartOf,防盗,v,
闹钟,n,PartOf,提醒,v,
插画,n,PartOf,绘本,n,
广告,n,RelatedTo,项,n,
卧室,n,RelatedTo,间,a,
卧室,n,RelatedTo,间,a,
产品,n,RelatedTo,个,n,
价格,n,RelatedTo,个,n,
价格,n,RelatedTo,个,n,
内容,n,RelatedTo,项,n,
内容,n,RelatedTo,个,n,
内容,n,RelatedTo,个,n,
年龄,n,RelatedTo,个,n,
年龄,n,RelatedTo,把,v,
年龄,n,RelatedTo,个,n,
空调,n,RelatedTo,台,n,
合作,v,RelatedTo,个,n,
合作,v,RelatedTo,个,n,
公寓,n,RelatedTo,套,n,
消费,v,RelatedTo,个,n,
便,v,RelatedTo,便宜,a,
服务,v,RelatedTo,项,n,
服务,v,RelatedTo,项,n,
平板电脑,n,RelatedTo,台,n,
平板电脑,n,RelatedTo,台,n,
设备,v,RelatedTo,个,n,
纸巾,n,RelatedTo,张,n,
纸巾,n,RelatedTo,张,n,
岔曲,n,RelatedTo,说唱,v,
摄像机,n,RelatedTo,部,n,
亲戚,n,RelatedTo,个,n,
亲戚,n,RelatedTo,门,n,
亲戚,n,RelatedTo,门,n,
电视剧,n,RelatedTo,部,n,
站长,v,RelatedTo,网站,n,
黑色,n,SymbolOf,晚上,n,
情人节,n,IsA,节日,n,
花,v,SymbolOf,节日,n,
手表,n,SymbolOf,时间,n,
电脑,n,SymbolOf,产品,n,
红色,n,IsA,颜色,n,0
黄色,n,IsA,颜色,n,0
紫色,n,IsA,颜色,n,0
绿色,n,IsA,颜色,n,0
黑色,n,IsA,颜色,n,0
蓝色,n,IsA,颜色,n,0
灰色,n,IsA,颜色,n,0
白色,n,IsA,颜色,n,0
橘色,n,IsA,颜色,n,0
黄,a,IsA,颜色,n,0
唱歌,n,SymbolOf,声音好听,v,
家乐福,n,SymbolOf,便宜,a,
作业,n,SymbolOf,痛苦,a,
白色,n,SymbolOf,纯洁,a,
白色,n,SymbolOf,干净,a,
白色,n,SymbolOf,医院,n,
白色,n,SymbolOf,空白,n,
白色,n,SymbolOf,和平,n,
白色,n,SymbolOf,单纯,a,
白色,n,SymbolOf,医生,n,
白色,n,SymbolOf,雪,n,
白色,n,SymbolOf,丧事,v,
白色,n,SymbolOf,天使,n,
白色,n,SymbolOf,护士,n,
白色,n,SymbolOf,纯净,a,
白色,n,SymbolOf,洁净,n,
白色,n,SymbolOf,无瑕,n,
白色,n,SymbolOf,无暇,v,
白色,n,SimilarTo,洁白,n,
社工,n,SymbolOf,服务,v,
卡哇依,n,Synonym,卡哇伊,n,0
手游,n,Synonym,手机游戏,n,0
咏春,n,Synonym,咏春拳,n,
公交,n,Synonym,公共交通,n,0
钱,n,UsedFor,买,v,
信用卡,n,UsedFor,买,v,
会员卡,n,UsedFor,买,v,
电脑,n,UsedFor,上网,v,
电脑,n,UsedFor,无聊,a,
看资讯,v,UsedFor,手机,n,
钱,n,UsedFor,买手机,n,
公车,n,UsedFor,通勤,v,
汽车,n,UsedFor,通勤,v,
脚踏车,n,UsedFor,通勤,v,
机车,n,UsedFor,通勤,v,
火车,n,UsedFor,通勤,v,
枕头,n,UsedFor,睡觉,v,
棉被,n,UsedFor,睡觉,v,
床,n,UsedFor,睡觉,v,
眼罩,n,UsedFor,睡觉,v,
汤匙,n,UsedFor,吃饭,v,
筷子,n,UsedFor,吃饭,v,
碗,n,UsedFor,吃饭,v,
叉子,n,UsedFor,吃饭,v,
钱,n,UsedFor,出去玩,n,
钥匙,n,UsedFor,出门,v,
雨伞,n,UsedFor,出门,v,
钱,n,UsedFor,出门,v,
鞋子,n,UsedFor,出门,v,
机车,n,UsedFor,出门,v,
车子,n,UsedFor,出门,v,
方向盘,n,UsedFor,开车,v,
钥匙,n,UsedFor,开车,v,
煞车,n,UsedFor,开车,v,
油门,n,UsedFor,开车,v,
手,n,UsedFor,开车,v,
眼睛,n,UsedFor,开车,v,
汽油,n,UsedFor,开车,v,
考试,v,UsedFor,手表,n,
手表,n,UsedFor,考试,v,
手机,n,UsedFor,打电话,n,
电话,n,UsedFor,打电话,n,
电话卡,n,UsedFor,打电话,n,
电话簿,n,UsedFor,打电话,n,
手,n,UsedFor,打电话,n,
电视,n,UsedFor,无聊,a,
电视,n,UsedFor,看电视,v,
时钟,n,UsedFor,设闹钟,v,
手指头,n,UsedFor,设闹钟,v,
眼睛,n,UsedFor,设闹钟,v,
音响,n,UsedFor,放音乐,v,
随身听,n,UsedFor,放音乐,v,
手机,n,UsedFor,打电话,n,
手机,n,UsedFor,聊天,n,
手机,n,UsedFor,找人,v,
小夜灯,n,UsedFor,睡觉,v,
小夜灯,n,UsedFor,直接去睡,v,
小夜灯,n,UsedFor,睡著,v,
麦克风,n,UsedFor,唱歌,n,
遥控器,n,UsedFor,看电视,v,
眼睛,n,UsedFor,看电视,v,
时间,n,UsedFor,看手表,v,
耳机,n,UsedFor,听音乐,v,
耳机,n,UsedFor,听歌,v,
耳机,n,UsedFor,玩电脑,n,
耳机,n,UsedFor,打电脑,v,
耳机,n,UsedFor,听广播,v,
耳机,n,UsedFor,讲电话,v,
耳机,n,UsedFor,听,v,
耳机,n,UsedFor,有MP3,v,
耳机,n,UsedFor,拿MP3,v,
耳机,n,UsedFor,开音乐,v,
耳机,n,UsedFor,睡觉,v,
钱,n,UsedFor,玩乐,n,
遥控器,n,UsedFor,看电视,v,
遥控器,n,UsedFor,转台,v,
遥控器,n,UsedFor,开电视,v,
遥控器,n,UsedFor,点歌,n,
遥控器,n,UsedFor,吹冷气,n,
遥控器,n,UsedFor,转频道,v,
遥控器,n,UsedFor,电视,n,
遥控器,n,UsedFor,唱歌,n,
遥控器,n,UsedFor,开音响,v,
遥控器,n,UsedFor,打电动,v,
解答,v,UsedFor,问题,n,
颜色,n,UsedFor,画画,n,
空调,n,UsedFor,吹冷气,n,
厨房,n,UsedFor,做饭,v,
音响,n,UsedFor,听音乐,v,
音响,n,UsedFor,唱歌,n,
音响,n,UsedFor,开音乐,v,
音响,n,UsedFor,听歌,v,
音响,n,UsedFor,跳舞,v,
音响,n,UsedFor,打电脑,v,
音响,n,UsedFor,玩电脑,n,
音响,n,UsedFor,放音乐,v,
铅笔,n,UsedFor,写作业,v,
笔,n,UsedFor,写作业,v,
立可白,n,UsedFor,写作业,v,
橡皮擦,n,UsedFor,写作业,v,
电脑,n,UsedFor,写作业,v,
纸,n,UsedFor,写作业,v,
原子笔,n,UsedFor,写作业,v,
课本,n,UsedFor,写作业,v,
立可带,v,UsedFor,写作业,v,
钥匙,n,UsedFor,回家,n,
打卡,v,UsedFor,下班,v,
打卡,v,UsedFor,工作,v,
卡,n,UsedFor,打卡,v,
充电器,n,UsedFor,充电,v,
音箱,n,UsedFor,放音乐,v,
音箱,n,UsedFor,弹吉他,v,
音箱,n,UsedFor,演唱会,n,
声音,n,UsedFor,唱歌,n,
声音,n,UsedFor,说梦话,n,
吹风机,n,UsedFor,吹头发,n,
吹风机,n,UsedFor,洗澡,v,
吹风机,n,UsedFor,剪头发,n,
吹风机,n,UsedFor,洗头,v,
吹风机,n,UsedFor,洗完澡,v,
灯,n,UsedFor,看书,v,
灯,n,UsedFor,读书,n,
灯,n,UsedFor,唸书,v,
灯,n,UsedFor,睡觉,v,
灯,n,UsedFor,看电视,v,
玩具,n,UsedFor,无聊,a,
玩具,n,UsedFor,玩耍,v,
高铁,n,UsedFor,出差,v,
纸,n,UsedFor,出差,v,
笔,n,UsedFor,出差,v,
笔电,n,UsedFor,出差,v,
行李箱,n,UsedFor,出差,v,
车票,n,UsedFor,出差,v,
台汽,v,UsedFor,出差,v,
航空公司,n,UsedFor,出差,v,
银行,n,UsedFor,存钱,v,
银行,n,UsedFor,洗钱,v,
银行,n,UsedFor,中大乐透,v,
纸巾,n,UsedFor,流口水,n,
纸巾,n,UsedFor,吃饭,v,
纸巾,n,UsedFor,上厕所,v,
纸巾,n,UsedFor,吃牛排,v,
纸巾,n,UsedFor,哭,v,
纸巾,n,UsedFor,流鼻水,n,
纸巾,n,UsedFor,擦屁股,n,
纸巾,n,UsedFor,吃面,v,
纸巾,n,UsedFor,痛哭,v,
纸巾,n,UsedFor,喝饮料,v,
纸巾,n,UsedFor,大便,v,
纸巾,n,UsedFor,擦手,v,
纸巾,n,UsedFor,吃比萨,v,
课本,n,UsedFor,上课,v,
课本,n,UsedFor,读书,n,
课本,n,UsedFor,上学,n,
课本,n,UsedFor,写作业,v,
朋友,n,UsedFor,难过,v,
手机,n,UsedFor,玩手机,v,
手指,n,UsedFor,玩手机,v,
手,n,UsedFor,玩手机,v,
提醒,v,UsedFor,设闹钟,v,
网站,n,UsedFor,上网,v,
嘴巴,n,UsedFor,问问题,n,
耳机,n,UsedFor,听音乐,v,
电脑,n,UsedFor,听音乐,v,
耳机,n,UsedFor,听歌,v,
音响,n,UsedFor,听歌,v,
耳朵,n,UsedFor,听歌,v,
喇叭,n,UsedFor,听歌,v,